CCSDS_OMM_VERS,COMMENT,CREATION_DATE,ORIGINATOR,OBJECT_NAME,OBJECT_ID,CENTER_NAME,REF_FRAME,TIME_SYSTEM,MEAN_ELEMENT_THEORY,EPOCH,MEAN_MOTION,ECCENTRICITY,INCLINATION,RA_OF_ASC_NODE,ARG_OF_PERICENTER,MEAN_ANOMALY,EPHEMERIS_TYPE,CLASSIFICATION_TYPE,NORAD_CAT_ID,ELEMENT_SET_NO,REV_AT_EPOCH,BSTAR,MEAN_MOTION_DOT,MEAN_MOTION_DDOT,SEMIMAJOR_AXIS,PERIOD,APOAPSIS,PERIAPSIS,OBJECT_TYPE,RCS_SIZE,COUNTRY_CODE,LAUNCH_DATE,SITE,DECAY_DATE,FILE,GP_ID,TLE_LINE0,TLE_LINE1,TLE_LINE2,,,,,,,MASS_kg,AVG_ALTITUDE,,AVG_VELOCITY
2,GENERATED VIA SPACE-TRACK.ORG API,2022-06-01T06:14:15,18 SPCS,SL-16 R/B,1993-016B,EARTH,TEME,UTC,SGP4,2022-05-31T15:01:29.738496,14.14999893,0.0012537,71.0072,228.7089,261.8399,98.1301,0,U,22566,999,50721,-1.12E-05,-6.90E-07,0,7220.45,101.767,851.367,833.262,ROCKET BODY,LARGE,CIS,3/26/1993,TTMTR,,3474670,205047710,0 SL-16 R/B,1 22566U 93016B   22151.62603864 -.00000069  00000-0 -11188-4 0  9996,2 22566  71.0072 228.7089 0012537 261.8399  98.1301 14.14999893507216,,,,,,,9000,850.45,,7.429965328
2,GENERATED VIA SPACE-TRACK.ORG API,2022-06-01T06:56:12,18 SPCS,SL-16 R/B,1992-076B,EARTH,TEME,UTC,SGP4,2022-06-01T04:03:17.222976,14.16498955,0.0011736,71.0002,209.1418,25.0688,355.5824,0,U,22220,999,52707,-6.69E-05,-1.81E-06,0,7215.354,101.659,845.687,828.751,ROCKET BODY,LARGE,CIS,11/17/1992,TTMTR,,3474872,205073074,0 SL-16 R/B,1 22220U 92076B   22152.16894934 -.00000181  00000-0 -66927-4 0  9994,2 22220  71.0002 209.1418 0011736  25.0688 355.5824 14.16498955527077,,,,,,,9000,845.354,,7.432588651
2,GENERATED VIA SPACE-TRACK.ORG API,2022-05-31T22:26:12,18 SPCS,SL-16 R/B,2007-029B,EARTH,TEME,UTC,SGP4,2022-05-31T20:41:09.892320,14.14478828,0.0002907,70.9756,187.7179,274.2637,258.903,0,U,31793,999,77060,-1.78E-05,-8.20E-07,0,7222.223,101.804,846.187,841.988,ROCKET BODY,LARGE,CIS,6/29/2007,TTMTR,,3474200,205033470,0 SL-16 R/B,1 31793U 07029B   22151.86192005 -.00000082  00000-0 -17817-4 0  9993,2 31793  70.9756 187.7179 0002907 274.2637 258.9030 14.14478828770602,,,,,,,9000,852.223,,7.429053272
2,GENERATED VIA SPACE-TRACK.ORG API,2022-06-01T06:14:15,18 SPCS,SL-16 R/B,2000-006B,EARTH,TEME,UTC,SGP4,2022-05-31T20:27:13.201632,14.15490412,0.0014747,71.0016,114.1032,123.0553,237.1988,0,U,26070,999,15356,0.00014332,2.33E-06,0,7218.781,101.732,851.292,830.001,ROCKET BODY,LARGE,CIS,2/3/2000,TTMTR,,3474670,205049608,0 SL-16 R/B,1 26070U 00006B   22151.85223613  .00000233  00000-0  14332-3 0  9996,2 26070  71.0016 114.1032 0014747 123.0553 237.1988 14.15490412153565,,,,,,,9000,848.781,,7.430824191
2,GENERATED VIA SPACE-TRACK.ORG API,2022-06-01T06:14:15,18 SPCS,SL-16 R/B,1985-097B,EARTH,TEME,UTC,SGP4,2022-05-31T18:19:41.209824,14.16278105,0.0008543,71.0007,160.6482,212.0191,320.6139,0,U,16182,999,89210,-7.29E-05,-1.93E-06,0,7216.105,101.675,844.134,831.805,ROCKET BODY,LARGE,CIS,10/22/1985,TTMTR,,3474670,205047215,0 SL-16 R/B,1 16182U 85097B   22151.76367141 -.00000193  00000-0 -72921-4 0  9993,2 16182  71.0007 160.6482 0008543 212.0191 320.6139 14.16278105892107,,,,,,,9000,846.105,,7.432201876
2,GENERATED VIA SPACE-TRACK.ORG API,2022-06-01T06:14:15,18 SPCS,SL-16 R/B,1990-046B,EARTH,TEME,UTC,SGP4,2022-05-31T17:54:57.696768,14.14697721,0.0016222,70.9997,310.9907,242.8605,117.0863,0,U,20625,999,65349,3.12E-05,1.20E-07,0,7221.478,101.789,855.057,831.628,ROCKET BODY,LARGE,CIS,5/22/1990,TTMTR,,3474670,205048353,0 SL-16 R/B,1 20625U 90046B   22151.74650112  .00000012  00000-0  31202-4 0  9996,2 20625  70.9997 310.9907 0016222 242.8605 117.0863 14.14697721653492,,,,,,,9000,851.478,,7.429436469
2,GENERATED VIA SPACE-TRACK.ORG API,2022-06-01T06:14:15,18 SPCS,SL-16 R/B,2001-056F,EARTH,TEME,UTC,SGP4,2022-05-31T20:16:12.733248,13.7097767,0.001383,99.5741,287.6507,296.5131,228.3026,0,U,27006,999,2438,9.82E-06,-3.60E-07,0,7374.2,105.035,1006.264,985.867,ROCKET BODY,LARGE,CIS,12/10/2001,TTMTR,,3474670,205051164,0 SL-16 R/B,1 27006U 01056F   22151.84459182 -.00000036  00000-0  98155-5 0  9992,2 27006  99.5741 287.6507 0013830 296.5131 228.3026 13.70977670 24386,,,,,,,9000,1004.2,,7.352100982
2,GENERATED VIA SPACE-TRACK.ORG API,2022-06-01T06:14:15,18 SPCS,SL-16 R/B,1995-058B,EARTH,TEME,UTC,SGP4,2022-05-31T20:52:19.418016,14.15173051,0.0010722,71.0209,192.0832,54.2064,306.0054,0,U,23705,999,37290,0.00013859,2.22E-06,0,7219.861,101.754,849.467,833.984,ROCKET BODY,LARGE,CIS,10/31/1995,TTMTR,,3474670,205051017,0 SL-16 R/B,1 23705U 95058B   22151.86966919  .00000222  00000-0  13859-3 0  9994,2 23705  71.0209 192.0832 0010722  54.2064 306.0054 14.15173051372903,,,,,,,9000,849.861,,7.430268392
2,GENERATED VIA SPACE-TRACK.ORG API,2022-06-01T06:14:15,18 SPCS,SL-16 R/B,1998-045B,EARTH,TEME,UTC,SGP4,2022-05-31T20:10:39.021888,14.1586158,0.0009066,71.0107,198.2762,313.5595,46.4774,0,U,25407,999,23205,-0.00010497,-2.54E-06,0,7217.52,101.705,845.928,832.841,ROCKET BODY,LARGE,CIS,7/28/1998,TTMTR,,3474670,205051068,0 SL-16 R/B,1 25407U 98045B   22151.84072942 -.00000254  00000-0 -10497-3 0  9998,2 25407  71.0107 198.2762 0009066 313.5595  46.4774 14.15861580232056,,,,,,,9000,847.52,,7.431473296
2,GENERATED VIA SPACE-TRACK.ORG API,2022-06-01T06:14:15,18 SPCS,SL-16 R/B,1994-077B,EARTH,TEME,UTC,SGP4,2022-05-31T20:44:36.717504,14.15256957,7.18E-05,70.9834,10.3822,129.9693,230.1493,0,U,23405,999,42127,0.00014373,2.32E-06,0,7219.575,101.748,841.959,840.922,ROCKET BODY,LARGE,CIS,11/24/1994,TTMTR,,3474670,205049751,0 SL-16 R/B,1 23405U 94077B   22151.86431386  .00000232  00000-0  14373-3 0  9999,2 23405  70.9834  10.3822 0000718 129.9693 230.1493 14.15256957421271,,,,,,,9000,849.575,,7.430415563
2,GENERATED VIA SPACE-TRACK.ORG API,2022-05-31T14:46:11,18 SPCS,SL-16 R/B,1987-041B,EARTH,TEME,UTC,SGP4,2022-05-31T12:44:06.766368,14.17297628,0.0013021,71.0091,57.5682,158.9029,14.0549,0,U,17974,999,81303,0.00010469,1.64E-06,0,7212.644,101.602,843.9,825.117,ROCKET BODY,LARGE,CIS,5/13/1987,TTMTR,,3473628,204995703,0 SL-16 R/B,1 17974U 87041B   22151.53063387  .00000164  00000-0  10469-3 0  9998,2 17974  71.0091  57.5682 0013021 158.9029  14.0549 14.17297628813037,,,,,,,9000,842.644,,7.43398484
2,GENERATED VIA SPACE-TRACK.ORG API,2022-06-01T06:14:15,18 SPCS,SL-16 R/B,1994-023B,EARTH,TEME,UTC,SGP4,2022-05-31T13:28:05.546784,14.14712294,0.0005133,71.0005,84.3269,245.1069,114.952,0,U,23088,999,45116,0.0001878,3.14E-06,0,7221.428,101.787,847,839.586,ROCKET BODY,LARGE,CIS,4/23/1994,TTMTR,,3474670,205048731,0 SL-16 R/B,1 23088U 94023B   22151.56117531  .00000314  00000-0  18780-3 0  9994,2 23088  71.0005  84.3269 0005133 245.1069 114.9520 14.14712294451161,,,,,,,9000,851.428,,7.429462189
2,GENERATED VIA SPACE-TRACK.ORG API,2022-06-01T06:14:15,18 SPCS,SL-16 R/B,1992-093B,EARTH,TEME,UTC,SGP4,2022-05-31T21:51:39.289824,14.15088383,0.0006517,71.023,15.7088,256.0956,103.9442,0,U,22285,999,51822,-8.52E-05,-2.13E-06,0,7220.149,101.76,846.719,837.308,ROCKET BODY,LARGE,CIS,12/25/1992,TTMTR,,3474670,205049190,0 SL-16 R/B,1 22285U 92093B   22151.91087141 -.00000213  00000-0 -85204-4 0  9995,2 22285  71.0230  15.7088 0006517 256.0956 103.9442 14.15088383518227,,,,,,,9000,850.149,,7.430120199
2,GENERATED VIA SPACE-TRACK.ORG API,2022-06-01T06:14:15,18 SPCS,SL-16 R/B,1993-059B,EARTH,TEME,UTC,SGP4,2022-05-31T09:35:01.349952,14.16863957,0.0016267,70.992,36.754,157.2036,202.9813,0,U,22803,999,48428,-7.24E-05,-1.93E-06,0,7214.115,101.633,847.715,824.245,ROCKET BODY,LARGE,CIS,9/16/1993,TTMTR,,3474670,205048721,0 SL-16 R/B,1 22803U 93059B   22151.39932118 -.00000193  00000-0 -72396-4 0  9994,2 22803  70.9920  36.7540 0016267 157.2036 202.9813 14.16863957484286,,,,,,,9000,844.115,,7.433226885
2,GENERATED VIA SPACE-TRACK.ORG API,2022-06-01T06:14:15,18 SPCS,SL-16 R/B,1988-102B,EARTH,TEME,UTC,SGP4,2022-05-31T18:57:11.754432,14.1583214,0.0016195,70.9985,169.8818,303.7757,56.1822,0,U,19650,999,73184,0.00012923,2.07E-06,0,7217.62,101.707,851.174,827.796,ROCKET BODY,LARGE,CIS,11/23/1988,TTMTR,,3474670,205047821,0 SL-16 R/B,1 19650U 88102B   22151.78971938  .00000207  00000-0  12923-3 0  9992,2 19650  70.9985 169.8818 0016195 303.7757  56.1822 14.15832140731842,,,,,,,9000,847.62,,7.431421815
2,GENERATED VIA SPACE-TRACK.ORG API,2022-06-01T06:14:15,18 SPCS,SL-16 R/B,1996-051B,EARTH,TEME,UTC,SGP4,2022-05-31T21:11:59.108064,14.12410942,0.001417,70.8186,205.7783,3.0204,357.0999,0,U,24298,999,32709,4.55E-05,3.50E-07,0,7229.27,101.953,861.379,840.891,ROCKET BODY,LARGE,CIS,9/4/1996,TTMTR,,3474670,205049533,0 SL-16 R/B,1 24298U 96051B   22151.88332301  .00000035  00000-0  45545-4 0  9990,2 24298  70.8186 205.7783 0014170   3.0204 357.0999 14.12410942327092,,,,,,,9000,859.27,,7.425431516
2,GENERATED VIA SPACE-TRACK.ORG API,2022-06-01T06:14:15,18 SPCS,SL-16 R/B,2004-021B,EARTH,TEME,UTC,SGP4,2022-05-31T15:53:26.488896,14.14261726,0.0006218,71.0003,243.4978,314.286,45.7752,0,U,28353,999,92797,5.91E-05,6.50E-07,0,7222.962,101.82,849.318,840.336,ROCKET BODY,LARGE,CIS,6/10/2004,TTMTR,,3474670,205050734,0 SL-16 R/B,1 28353U 04021B   22151.66211214  .00000065  00000-0  59059-4 0  9995,2 28353  71.0003 243.4978 0006218 314.2860  45.7752 14.14261726927970,,,,,,,9000,852.962,,7.428673219
2,GENERATED VIA SPACE-TRACK.ORG API,2022-06-01T06:14:15,18 SPCS,SL-16 R/B,1987-027B,EARTH,TEME,UTC,SGP4,2022-05-31T16:55:27.606432,14.16826952,0.0003207,71.0031,299.3185,45.3045,314.8339,0,U,17590,999,82018,-4.68E-05,-1.42E-06,0,7214.241,101.636,838.419,833.792,ROCKET BODY,LARGE,CIS,3/18/1987,TTMTR,,3474670,205048002,0 SL-16 R/B,1 17590U 87027B   22151.70518063 -.00000142  00000-0 -46825-4 0  9995,2 17590  71.0031 299.3185 0003207  45.3045 314.8339 14.16826952820180,,,,,,,9000,844.241,,7.433161972
2,GENERATED VIA SPACE-TRACK.ORG API,2022-06-01T06:14:15,18 SPCS,SL-16 R/B,1988-039B,EARTH,TEME,UTC,SGP4,2022-05-31T14:34:47.574912,14.19246296,0.0024068,71.0144,101.5602,291.4496,68.4062,0,U,19120,999,76283,8.89E-05,1.39E-06,0,7206.04,101.462,845.248,810.561,ROCKET BODY,LARGE,CIS,5/15/1988,TTMTR,,3474670,205048051,0 SL-16 R/B,1 19120U 88039B   22151.60749508  .00000139  00000-0  88879-4 0  9998,2 19120  71.0144 101.5602 0024068 291.4496  68.4062 14.19246296762838,,,,,,,9000,836.04,,7.43739051
2,GENERATED VIA SPACE-TRACK.ORG API,2022-06-01T06:14:15,18 SPCS,SL-16 R/B,1998-043G,EARTH,TEME,UTC,SGP4,2022-05-31T13:56:44.025504,14.25514569,0.0010951,98.6727,87.8873,61.3513,298.8766,0,U,25400,999,24261,2.52E-05,1.60E-07,0,7184.9,101.016,814.633,798.897,ROCKET BODY,LARGE,CIS,7/10/1998,TTMTR,,3474670,205051314,0 SL-16 R/B,1 25400U 98043G   22151.58106511  .00000016  00000-0  25154-4 0  9991,2 25400  98.6727  87.8873 0010951  61.3513 298.8766 14.25514569242611,,,,,,,9000,814.9,,7.448323923
2,GENERATED VIA SPACE-TRACK.ORG API,2022-06-01T07:06:18,18 SPCS,ENVISAT,2002-009A,EARTH,TEME,UTC,SGP4,2022-05-31T22:58:36.385248,14.38127171,0.0001299,98.1826,133.8395,88.5545,291.3829,0,U,27386,999,6116,4.76E-05,1.03E-06,0,7142.83,100.13,765.623,763.767,PAYLOAD,LARGE,ESA,3/1/2002,FRGUI,,3474895,205073495,0 ENVISAT,1 27386U 02009A   22151.95736557  .00000103  00000-0  47627-4 0  9999,2 27386  98.1826 133.8395 0001299  88.5545 291.3829 14.38127171 61163,,,,,,,7800,772.83,,7.470226372
2,GENERATED VIA SPACE-TRACK.ORG API,2022-06-01T06:14:15,18 SPCS,METEOR 3M,2001-056A,EARTH,TEME,UTC,SGP4,2022-05-31T16:07:44.649984,13.68865575,0.001385,99.6774,298.5615,21.1115,357.8123,0,U,27001,999,2272,2.37E-05,-2.50E-07,0,7381.784,105.197,1013.872,993.425,PAYLOAD,LARGE,CIS,12/10/2001,TTMTR,,3474670,205050413,0 METEOR 3M,1 27001U 01056A   22151.67204456 -.00000025  00000-0  23743-4 0  9998,2 27001  99.6774 298.5615 0013850  21.1115 357.8123 13.68865575 22724,,,,,,,2500,1011.784,,7.348323259
2,GENERATED VIA SPACE-TRACK.ORG API,2022-06-01T06:14:15,18 SPCS,ADEOS,1996-046A,EARTH,TEME,UTC,SGP4,2022-05-31T20:32:26.580480,14.29539463,0.0002373,98.9337,154.2995,92.5846,267.5607,0,U,24277,999,34453,4.99E-05,8.10E-07,0,7171.408,100.732,794.974,791.571,PAYLOAD,LARGE,JPN,8/17/1996,TNSTA,,3474670,205050281,0 ADEOS,1 24277U 96046A   22151.85586320  .00000081  00000-0  49937-4 0  9990,2 24277  98.9337 154.2995 0002373  92.5846 267.5607 14.29539463344535,,,,,,,3560,801.408,,7.45532712
2,GENERATED VIA SPACE-TRACK.ORG API,2022-06-01T06:14:15,18 SPCS,H-2A R/B,2002-056E,EARTH,TEME,UTC,SGP4,2022-05-31T19:23:04.379712,14.3207183,0.0070962,98.1764,159.4015,311.7458,221.6071,0,U,27601,999,1679,5.05E-05,9.90E-07,0,7162.951,100.554,835.646,733.986,ROCKET BODY,LARGE,JPN,12/14/2002,TNSTA,,3474670,205050934,0 H-2A R/B,1 27601U 02056E   22151.80768958  .00000099  00000-0  50546-4 0  9993,2 27601  98.1764 159.4015 0070962 311.7458 221.6071 14.32071830 16792,,,,,,,3000,792.951,,7.45972692
2,GENERATED VIA SPACE-TRACK.ORG API,2022-06-01T06:56:12,18 SPCS,SL-12 R/B(2),1984-106B,EARTH,TEME,UTC,SGP4,2022-05-31T21:05:41.183232,14.15096499,0.0001795,71.0026,203.403,60.3804,299.7497,0,U,15334,999,82514,8.80E-05,1.23E-06,0,7220.121,101.76,843.282,840.69,ROCKET BODY,LARGE,CIS,9/28/1984,TTMTR,,3474846,205072182,0 SL-12 R/B(2),1 15334U 84106B   22151.87894888  .00000123  00000-0  87970-4 0  9997,2 15334  71.0026 203.4030 0001795  60.3804 299.7497 14.15096499825144,,,,,,,2440,850.121,,7.430134607
2,GENERATED VIA SPACE-TRACK.ORG API,2022-06-01T06:14:15,18 SPCS,CZ-2D R/B,2011-068C,EARTH,TEME,UTC,SGP4,2022-05-31T14:34:33.760416,14.22136671,0.0036569,98.7233,88.3251,200.6054,332.5854,0,U,37932,999,54640,4.05E-05,4.60E-07,0,7196.273,101.256,844.454,791.822,ROCKET BODY,LARGE,PRC,11/20/2011,JSC,,3474670,205056134,0 CZ-2D R/B,1 37932U 11068C   22151.60733519  .00000046  00000-0  40505-4 0  9993,2 37932  98.7233  88.3251 0036569 200.6054 332.5854 14.22136671546403,,,,,,,4000,826.273,,7.442435925
2,GENERATED VIA SPACE-TRACK.ORG API,2022-06-01T06:14:15,18 SPCS,SL-8 R/B,1978-028B,EARTH,TEME,UTC,SGP4,2022-05-31T18:45:17.967744,13.75357496,0.0018297,82.9318,347.4588,233.0105,137.9691,0,U,10732,999,21818,-9.98E-06,5.00E-08,0,7358.536,104.7,993.865,966.937,ROCKET BODY,LARGE,CIS,3/15/1978,PKMTR,,3474670,205047026,0 SL-8 R/B,1 10732U 78028B   22151.78145796  .00000005  00000-0 -99806-5 0  9999,2 10732  82.9318 347.4588 0018297 233.0105 137.9691 13.75357496218182,,,,,,,1435,988.536,,7.359921973
2,GENERATED VIA SPACE-TRACK.ORG API,2022-06-01T06:14:15,18 SPCS,H-2 R/B,1996-046C,EARTH,TEME,UTC,SGP4,2022-05-31T12:27:22.866624,13.47219323,0.0299747,98.7674,254.4568,354.7332,15.0982,0,U,24279,999,26758,2.18E-05,-2.00E-07,0,7460.644,106.887,1306.139,858.878,ROCKET BODY,LARGE,JPN,8/17/1996,TNSTA,,3474670,205050779,0 H-2 R/B,1 24279U 96046C   22151.51901466 -.00000020  00000-0  21802-4 0  9992,2 24279  98.7674 254.4568 0299747 354.7332  15.0982 13.47219323267584,,,,,,,2700,1090.644,,7.309383709
2,GENERATED VIA SPACE-TRACK.ORG API,2022-06-01T07:16:19,18 SPCS,COSMOS 2322,1995-058A,EARTH,TEME,UTC,SGP4,2022-06-01T03:54:22.326624,14.13466972,0.0011991,70.986,209.9267,243.3141,116.6754,0,U,23704,999,37158,-0.00011737,-2.69E-06,0,7225.669,101.877,856.198,838.87,PAYLOAD,LARGE,CIS,10/31/1995,TTMTR,,3475022,205076750,0 COSMOS 2322,1 23704U 95058A   22152.16275841 -.00000269  00000-0 -11737-3 0  9990,2 23704  70.9860 209.9267 0011991 243.3141 116.6754 14.13466972371589,,,,,,,3250,855.669,,7.427281563
2,GENERATED VIA SPACE-TRACK.ORG API,2022-06-01T06:14:15,18 SPCS,SL-8 R/B,1991-007B,EARTH,TEME,UTC,SGP4,2022-05-31T18:00:38.982816,13.76427022,0.002107,82.9199,330.9582,20.2156,339.983,0,U,21090,999,57264,0.00010677,1.20E-06,0,7354.724,104.619,992.085,961.093,ROCKET BODY,LARGE,CIS,2/5/1991,PKMTR,,3474670,205048624,0 SL-8 R/B,1 21090U 91007B   22151.75045119  .00000120  00000-0  10677-3 0  9999,2 21090  82.9199 330.9582 0021070  20.2156 339.9830 13.76427022572641,,,,,,,1435,984.724,,7.361829073
2,GENERATED VIA SPACE-TRACK.ORG API,2022-06-01T06:14:15,18 SPCS,COSMOS 2406,2004-021A,EARTH,TEME,UTC,SGP4,2022-05-31T20:25:18.188544,14.11732237,0.0016371,71.0038,305.7764,245.2292,114.7126,0,U,28352,999,92619,-0.0001382,-2.99E-06,0,7231.587,102.002,865.291,841.613,PAYLOAD,LARGE,CIS,6/10/2004,TTMTR,,3474670,205050984,0 COSMOS 2406,1 28352U 04021A   22151.85090496 -.00000299  00000-0 -13820-3 0  9998,2 28352  71.0038 305.7764 0016371 245.2292 114.7126 14.11732237926197,,,,,,,3250,861.587,,7.424241867
2,GENERATED VIA SPACE-TRACK.ORG API,2022-06-01T06:14:15,18 SPCS,COSMOS 2278,1994-023A,EARTH,TEME,UTC,SGP4,2022-05-31T18:32:45.543840,14.13862547,0.0010154,71.0511,176.6402,320.3496,39.6882,0,U,23087,999,45001,-8.48E-05,-2.08E-06,0,7224.321,101.849,853.522,838.851,PAYLOAD,LARGE,CIS,4/23/1994,TTMTR,,3474670,205048981,0 COSMOS 2278,1 23087U 94023A   22151.77274935 -.00000208  00000-0 -84830-4 0  9992,2 23087  71.0511 176.6402 0010154 320.3496  39.6882 14.13862547450018,,,,,,,3250,854.321,,7.427974466
2,GENERATED VIA SPACE-TRACK.ORG API,2022-06-01T06:14:15,18 SPCS,COSMOS 1943,1988-039A,EARTH,TEME,UTC,SGP4,2022-05-31T19:13:22.207008,14.15215138,0.0011937,71.0039,261.2241,194.6239,336.0299,0,U,19119,999,75783,0.00019929,3.40E-06,0,7219.717,101.751,850.201,832.964,PAYLOAD,LARGE,CIS,5/15/1988,TTMTR,,3474670,205049298,0 COSMOS 1943,1 19119U 88039A   22151.80095147  .00000340  00000-0  19929-3 0  9994,2 19119  71.0039 261.2241 0011937 194.6239 336.0299 14.15215138757839,,,,,,,3250,849.717,,7.430342491
2,GENERATED VIA SPACE-TRACK.ORG API,2022-06-01T06:14:15,18 SPCS,ADEOS 2,2002-056A,EARTH,TEME,UTC,SGP4,2022-05-31T19:03:34.853760,14.27608302,0.0002186,98.6064,95.9176,75.6524,284.4899,0,U,27597,999,1359,6.56E-05,1.18E-06,0,7177.873,100.868,801.308,798.169,PAYLOAD,LARGE,JPN,12/14/2002,TNSTA,,3474670,205051433,0 ADEOS 2,1 27597U 02056A   22151.79415340  .00000118  00000-0  65585-4 0  9990,2 27597  98.6064  95.9176 0002186  75.6524 284.4899 14.27608302 13593,,,,,,,3680,807.873,,7.451968914
2,GENERATED VIA SPACE-TRACK.ORG API,2022-05-31T22:26:12,18 SPCS,SL-16 R/B,1999-039B,EARTH,TEME,UTC,SGP4,2022-05-31T19:57:46.072800,14.78820944,0.0016223,98.1794,178.5559,30.9134,329.3028,0,U,25861,999,23317,4.76E-05,2.96E-06,0,7011.185,97.375,644.425,621.676,ROCKET BODY,LARGE,CIS,7/17/1999,TTMTR,,3474199,205033447,0 SL-16 R/B,1 25861U 99039B   22151.83178325  .00000296  00000-0  47646-4 0  9998,2 25861  98.1794 178.5559 0016223  30.9134 329.3028 14.78820944233176,,,,,,,9000,641.185,,7.540032298
2,GENERATED VIA SPACE-TRACK.ORG API,2022-06-01T06:14:15,18 SPCS,SL-12 R/B(2),1985-042D,EARTH,TEME,UTC,SGP4,2022-05-31T21:49:42.508128,14.21340443,0.0033403,71.1071,116.897,110.5034,270.4996,0,U,15772,999,91858,-6.22E-06,-6.10E-07,0,7198.96,101.313,844.872,796.778,ROCKET BODY,LARGE,CIS,5/30/1985,TTMTR,,3474670,205045957,0 SL-12 R/B(2),1 15772U 85042D   22151.90951977 -.00000061  00000-0 -62205-5 0  9998,2 15772  71.1071 116.8970 0033403 110.5034 270.4996 14.21340443918584,,,,,,,2440,828.96,,7.441046857
2,GENERATED VIA SPACE-TRACK.ORG API,2022-06-01T06:56:12,18 SPCS,SL-8 R/B,1978-022B,EARTH,TEME,UTC,SGP4,2022-06-01T04:15:20.234592,13.77464964,0.0021623,82.9892,233.5549,20.1009,14.0455,0,U,10693,999,22411,4.95E-05,6.50E-07,0,7351.029,104.54,988.789,956.999,ROCKET BODY,LARGE,CIS,2/28/1978,PKMTR,,3474854,205072254,0 SL-8 R/B,1 10693U 78022B   22152.17731753  .00000065  00000-0  49491-4 0  9996,2 10693  82.9892 233.5549 0021623  20.1009  14.0455 13.77464964224116,,,,,,,1435,981.029,,7.363679054
2,GENERATED VIA SPACE-TRACK.ORG API,2022-06-01T06:16:12,18 SPCS,COSMOS 1844,1987-041A,EARTH,TEME,UTC,SGP4,2022-06-01T03:49:56.143776,14.14152456,0.0033223,70.8997,58.7162,288.5318,71.2194,0,U,17973,999,80901,-9.23E-05,-2.25E-06,0,7223.334,101.828,869.197,821.201,PAYLOAD,LARGE,CIS,5/13/1987,TTMTR,,3474676,205068865,0 COSMOS 1844,1 17973U 87041A   22152.15967759 -.00000225  00000-0 -92290-4 0  9995,2 17973  70.8997  58.7162 0033223 288.5318  71.2194 14.14152456809011,,,,,,,3250,853.334,,7.428481929
2,GENERATED VIA SPACE-TRACK.ORG API,2022-06-01T06:14:15,18 SPCS,ARIANE 5 R/B,2002-009B,EARTH,TEME,UTC,SGP4,2022-05-31T14:56:34.981440,14.36068142,0.0032599,98.7113,119.54,167.0363,193.1667,0,U,27387,999,6119,3.06E-05,4.40E-07,0,7149.656,100.274,794.828,748.214,ROCKET BODY,LARGE,FR,3/1/2002,FRGUI,,3474670,205049924,0 ARIANE 5 R/B,1 27387U 02009B   22151.62262710  .00000044  00000-0  30552-4 0  9992,2 27387  98.7113 119.5400 0032599 167.0363 193.1667 14.36068142 61197,,,,,,,2575,779.656,,7.466659492
2,GENERATED VIA SPACE-TRACK.ORG API,2022-06-01T06:14:15,18 SPCS,SL-8 R/B,1974-105B,EARTH,TEME,UTC,SGP4,2022-05-31T13:39:02.476224,13.78949494,0.0015405,82.9492,19.7657,319.4691,53.8752,0,U,7594,999,38511,8.51E-05,1.02E-06,0,7345.752,104.427,978.933,956.301,ROCKET BODY,LARGE,CIS,12/26/1974,PKMTR,,3474670,205043684,0 SL-8 R/B,1 07594U 74105B   22151.56877866  .00000102  00000-0  85076-4 0  9999,2 07594  82.9492  19.7657 0015405 319.4691  53.8752 13.78949494385110,,,,,,,1435,975.752,,7.366323519
2,GENERATED VIA SPACE-TRACK.ORG API,2022-06-01T06:56:12,18 SPCS,SL-8 R/B,1994-041B,EARTH,TEME,UTC,SGP4,2022-06-01T02:24:59.840640,13.7804538,0.0028686,82.9482,24.1858,187.0134,337.0681,0,U,23180,999,40216,3.99E-05,5.60E-07,0,7348.965,104.496,991.911,949.748,ROCKET BODY,LARGE,CIS,7/14/1994,PKMTR,,3474839,205072062,0 SL-8 R/B,1 23180U 94041B   22152.10069260  .00000056  00000-0  39871-4 0  9991,2 23180  82.9482  24.1858 0028686 187.0134 337.0681 13.78045380402161,,,,,,,1435,978.965,,7.364713048
2,GENERATED VIA SPACE-TRACK.ORG API,2022-06-01T06:14:15,18 SPCS,SL-8 R/B,1977-062B,EARTH,TEME,UTC,SGP4,2022-05-31T18:46:50.833920,13.73934318,0.0021548,82.9402,346.729,34.5952,336.1762,0,U,10138,999,24767,0.00011247,1.21E-06,0,7363.617,104.809,1001.349,969.615,ROCKET BODY,LARGE,CIS,7/8/1977,PKMTR,,3474670,205045748,0 SL-8 R/B,1 10138U 77062B   22151.78253280  .00000121  00000-0  11247-3 0  9993,2 10138  82.9402 346.7290 0021548  34.5952 336.1762 13.73934318247675,,,,,,,1435,993.617,,7.357382309
2,GENERATED VIA SPACE-TRACK.ORG API,2022-06-01T06:14:15,18 SPCS,SL-8 R/B,1983-021B,EARTH,TEME,UTC,SGP4,2022-05-31T18:55:54.138720,13.76895905,0.0027553,82.942,342.2321,224.4286,146.3094,0,U,13917,999,96834,-1.83E-05,-3.00E-08,0,7353.054,104.583,995.179,954.659,ROCKET BODY,LARGE,CIS,3/24/1983,PKMTR,,3474670,205046647,0 SL-8 R/B,1 13917U 83021B   22151.78882105 -.00000003  00000-0 -18301-4 0  9997,2 13917  82.9420 342.2321 0027553 224.4286 146.3094 13.76895905968345,,,,,,,1435,983.054,,7.362665022
2,GENERATED VIA SPACE-TRACK.ORG API,2022-06-01T06:14:15,18 SPCS,SL-3 R/B,1982-116B,EARTH,TEME,UTC,SGP4,2022-05-31T14:16:57.514368,14.14708418,0.0070592,81.2563,27.7231,230.7451,142.6886,0,U,13719,999,3618,3.29E-05,7.70E-07,0,7221.441,101.788,894.284,792.329,ROCKET BODY,LARGE,CIS,12/14/1982,PKMTR,,3474670,205046388,0 SL-3 R/B,1 13719U 82116B   22151.59511012  .00000077  00000-0  32949-4 0  9999,2 13719  81.2563  27.7231 0070592 230.7451 142.6886 14.14708418 36186,,,,,,,1100,851.441,,7.429455502
2,GENERATED VIA SPACE-TRACK.ORG API,2022-06-01T06:14:15,18 SPCS,SL-8 R/B,1984-003B,EARTH,TEME,UTC,SGP4,2022-05-31T20:17:16.836000,13.74401399,0.0023108,82.925,104.978,85.1901,303.6952,0,U,14625,999,92464,-1.73E-06,1.40E-07,0,7361.949,104.773,1000.826,966.802,ROCKET BODY,LARGE,CIS,1/11/1984,PKMTR,,3474670,205047419,0 SL-8 R/B,1 14625U 84003B   22151.84533375  .00000014  00000-0 -17313-5 0  9998,2 14625  82.9250 104.9780 0023108  85.1901 303.6952 13.74401399924647,,,,,,,1435,991.949,,7.358215745
2,GENERATED VIA SPACE-TRACK.ORG API,2022-06-01T06:14:15,18 SPCS,COSMOS 2082,1990-046A,EARTH,TEME,UTC,SGP4,2022-05-31T21:35:29.442912,14.14389021,0.0014146,71.0418,26.2642,153.6936,206.4908,0,U,20624,999,65278,0.00020402,3.44E-06,0,7222.528,101.811,854.61,834.176,PAYLOAD,LARGE,CIS,5/22/1990,TTMTR,,3474670,205048103,0 COSMOS 2082,1 20624U 90046A   22151.89964633  .00000344  00000-0  20402-3 0  9994,2 20624  71.0418  26.2642 0014146 153.6936 206.4908 14.14389021652788,,,,,,,3250,852.528,,7.42889641
2,GENERATED VIA SPACE-TRACK.ORG API,2022-06-01T06:14:15,18 SPCS,SL-8 R/B,1980-099B,EARTH,TEME,UTC,SGP4,2022-05-31T18:15:12.198240,13.77059337,0.0031462,82.9403,338.711,79.9509,290.7756,0,U,12092,999,8305,0.00011193,1.26E-06,0,7352.472,104.571,997.47,951.205,ROCKET BODY,LARGE,CIS,12/10/1980,PKMTR,,3474670,205046315,0 SL-8 R/B,1 12092U 80099B   22151.76055785  .00000126  00000-0  11193-3 0  9991,2 12092  82.9403 338.7110 0031462  79.9509 290.7756 13.77059337 83057,,,,,,,1435,982.472,,7.362956419
2,GENERATED VIA SPACE-TRACK.ORG API,2022-06-01T06:36:12,18 SPCS,SL-8 R/B,1976-070B,EARTH,TEME,UTC,SGP4,2022-06-01T03:20:01.736736,13.76232369,0.0012571,82.9887,18.3439,260.736,273.3042,0,U,9044,999,30286,2.26E-05,3.70E-07,0,7355.418,104.633,986.529,968.036,ROCKET BODY,LARGE,CIS,7/21/1976,PKMTR,,3474783,205070700,0 SL-8 R/B,1  9044U 76070B   22152.13890899  .00000037  00000-0  22615-4 0  9996,2  9044  82.9887  18.3439 0012571 260.7360 273.3042 13.76232369302861,,,,,,,1435,985.418,,7.361481762
2,GENERATED VIA SPACE-TRACK.ORG API,2022-06-01T06:14:15,18 SPCS,COSMOS 1275,1981-053A,EARTH,TEME,UTC,SGP4,2022-05-31T19:34:22.061568,13.74355458,0.0039203,82.9601,276.0956,340.0236,19.9382,0,U,12504,999,5633,3.46E-05,4.80E-07,0,7362.113,104.776,1012.839,955.116,PAYLOAD,LARGE,CIS,6/4/1981,PKMTR,,3474670,205046830,0 COSMOS 1275,1 12504U 81053A   22151.81553312  .00000048  00000-0  34615-4 0  9993,2 12504  82.9601 276.0956 0039203 340.0236  19.9382 13.74355458 56334,,,,,,,800,992.113,,7.358133788
2,GENERATED VIA SPACE-TRACK.ORG API,2022-06-01T06:14:15,18 SPCS,SL-8 R/B,1985-110B,EARTH,TEME,UTC,SGP4,2022-05-31T14:18:06.907392,13.77030083,0.0031708,82.9309,96.9926,66.2476,294.2001,0,U,16292,999,83380,1.73E-05,3.30E-07,0,7352.577,104.573,997.755,951.128,ROCKET BODY,LARGE,CIS,11/28/1985,PKMTR,,3474670,205047219,0 SL-8 R/B,1 16292U 85110B   22151.59591328  .00000033  00000-0  17276-4 0  9991,2 16292  82.9309  96.9926 0031708  66.2476 294.2001 13.77030083833806,,,,,,,1435,982.577,,7.362903845
